<code_scheme name="Default" version="173">
  <JavaCodeStyleSettings>
    <option name="INSERT_INNER_CLASS_IMPORTS" value="true" />
    <option name="CLASS_COUNT_TO_USE_IMPORT_ON_DEMAND" value="99" />
    <option name="NAMES_COUNT_TO_USE_IMPORT_ON_DEMAND" value="99" />
    <option name="PACKAGES_TO_USE_IMPORT_ON_DEMAND">
      <value />
    </option>
    <option name="IMPORT_LAYOUT_TABLE">
      <value>
        <package name="java" withSubpackages="true" static="false" />
        <emptyLine />
        <package name="javax" withSubpackages="true" static="false" />
        <emptyLine />
        <package name="" withSubpackages="true" static="false" />
        <emptyLine />
        <package name="org" withSubpackages="true" static="false" />
        <emptyLine />
        <package name="com" withSubpackages="true" static="false" />
        <emptyLine />
        <package name="com.geekplus" withSubpackages="true" static="false" />
        <emptyLine />
        <package name="" withSubpackages="true" static="true" />
      </value>
    </option>
  </JavaCodeStyleSettings>
  <MarkdownNavigatorCodeStyleSettings>
    <option name="RIGHT_MARGIN" value="72" />
  </MarkdownNavigatorCodeStyleSettings>
  <codeStyleSettings language="JAVA">
    <option name="BINARY_OPERATION_SIGN_ON_NEXT_LINE" value="true" />
    <arrangement>
      <groups>
        <group>
          <type>GETTERS_AND_SETTERS</type>
          <order>KEEP</order>
        </group>
        <group>
          <type>OVERRIDDEN_METHODS</type>
          <order>KEEP</order>
        </group>
      </groups>
    </arrangement>
  </codeStyleSettings>
</code_scheme>