<application>
  <component name="com.intellij.ide.ui.customization.CustomActionsSchema">
    <group value="Generate" is_action="true" action_type="-1" position="3">
      <path value="root" />
      <path value="Main menu" />
      <path value="Code" />
      <option name="myInitialPosition" value="-1" />
    </group>
    <group value="Generate" is_action="true" action_type="1" position="0">
      <path value="root" />
      <path value="Main menu" />
      <path value="Code" />
      <option name="myInitialPosition" value="-1" />
    </group>
  </component>
</application>